pcap_feature_extractor.py	HEAD	AntiDDOS_Shield/experiments/pcap_feature_extractor.py
run_cicids2017_pcap.py	HEAD	AntiDDOS_Shield/experiments/run_cicids2017_pcap.py
rebuild_litnet_caches.py	HEAD	AntiDDOS_Shield/experiments_copy/rebuild_litnet_caches.py
split_by_attack_schedule.py	HEAD	AntiDDOS_Shield/experiments_copy/split_by_attack_schedule.py
split_cicddos_by_type.py	HEAD	AntiDDOS_Shield/experiments_copy/split_cicddos_by_type.py
stamp_cicddos_roles.py	HEAD	AntiDDOS_Shield/experiments_copy/stamp_cicddos_roles.py
export_cicios2023_scenarios.py	HEAD	AntiDDOS_Shield/experiments_copy/export_cicios2023_scenarios.py
cicios2023_extractor.py	HEAD	AntiDDOS_Shield/experiments/cicios2023_extractor.py
export_litnet_scenarios.py	HEAD	AntiDDOS_Shield/experiments_copy/export_litnet_scenarios.py
export_benign_pools.py	HEAD	AntiDDOS_Shield/experiments_copy/export_benign_pools.py
write_extracted_index.py	HEAD	AntiDDOS_Shield/experiments_copy/write_extracted_index.py
classify_scenarios.py	HEAD	AntiDDOS_Shield/experiments_copy/classify_scenarios.py
run_cicids2017_pool_audit.py	HEAD	AntiDDOS_Shield/experiments/run_cicids2017_pool_audit.py
check_scenario_intensity.py	HEAD	AntiDDOS_Shield/experiments_copy/check_scenario_intensity.py
verify_extracted_tree.py	HEAD	AntiDDOS_Shield/experiments_copy/verify_extracted_tree.py
verify_readme_claims.py	HEAD	AntiDDOS_Shield/experiments_copy/verify_readme_claims.py
build_scenario_inventory.py	working-tree	AntiDDOS_Shield/OfflineExperiments/build_scenario_inventory.py
pcap_feature_extractor_cicids2018.py	HEAD	AntiDDOS_Shield/experiments/pcap_feature_extractor_cicids2018.py
export_cesnet_reference.py	HEAD	AntiDDOS_Shield/experiments_copy/export_cesnet_reference.py
